<?xml version="1.0" encoding="UTF-8"?><?xml-stylesheet type='text/xsl' href='_UpgradeReport_Files/UpgradeReport.xslt'?><UpgradeLog>
<Properties><Property Name="Solution" Value="Others">
</Property><Property Name="解决方案文件" Value="E:\SVN\脱机通讯Demo\Demo\VB.net\TFT\Others\Others.sln">
</Property><Property Name="用户选项文件" Value="E:\SVN\脱机通讯Demo\Demo\VB.net\TFT\Others\Others.suo">
</Property><Property Name="Date" Value="2018年1月26日">
</Property><Property Name="Time" Value="16:26">
</Property></Properties><Event ErrorLevel="0" Project="" Source="Others.sln" Description="文件已成功备份为 E:\SVN\脱机通讯Demo\Demo\VB.net\TFT\Others\Backup\Others.sln">
</Event><Event ErrorLevel="0" Project="" Source="Others.suo" Description="文件已成功备份为 E:\SVN\脱机通讯Demo\Demo\VB.net\TFT\Others\Backup\Others.suo">
</Event><Event ErrorLevel="0" Project="Others" Source="Others.vbproj" Description="项目文件已成功备份为 E:\SVN\脱机通讯Demo\Demo\VB.net\TFT\Others\Backup\Others.vbproj">
</Event><Event ErrorLevel="0" Project="Others" Source="OthersMain.vb" Description="文件已成功备份为 E:\SVN\脱机通讯Demo\Demo\VB.net\TFT\Others\Backup\OthersMain.vb">
</Event><Event ErrorLevel="0" Project="Others" Source="OthersMain.Designer.vb" Description="文件已成功备份为 E:\SVN\脱机通讯Demo\Demo\VB.net\TFT\Others\Backup\OthersMain.Designer.vb">
</Event><Event ErrorLevel="0" Project="Others" Source="My Project\AssemblyInfo.vb" Description="文件已成功备份为 E:\SVN\脱机通讯Demo\Demo\VB.net\TFT\Others\Backup\My Project\AssemblyInfo.vb">
</Event><Event ErrorLevel="0" Project="Others" Source="My Project\Application.Designer.vb" Description="文件已成功备份为 E:\SVN\脱机通讯Demo\Demo\VB.net\TFT\Others\Backup\My Project\Application.Designer.vb">
</Event><Event ErrorLevel="0" Project="Others" Source="My Project\Resources.Designer.vb" Description="文件已成功备份为 E:\SVN\脱机通讯Demo\Demo\VB.net\TFT\Others\Backup\My Project\Resources.Designer.vb">
</Event><Event ErrorLevel="0" Project="Others" Source="My Project\Settings.Designer.vb" Description="文件已成功备份为 E:\SVN\脱机通讯Demo\Demo\VB.net\TFT\Others\Backup\My Project\Settings.Designer.vb">
</Event><Event ErrorLevel="0" Project="Others" Source="SearchforUSBCom.vb" Description="文件已成功备份为 E:\SVN\脱机通讯Demo\Demo\VB.net\TFT\Others\Backup\SearchforUSBCom.vb">
</Event><Event ErrorLevel="0" Project="Others" Source="My Project\Application.myapp" Description="文件已成功备份为 E:\SVN\脱机通讯Demo\Demo\VB.net\TFT\Others\Backup\My Project\Application.myapp">
</Event><Event ErrorLevel="0" Project="Others" Source="My Project\Settings.settings" Description="文件已成功备份为 E:\SVN\脱机通讯Demo\Demo\VB.net\TFT\Others\Backup\My Project\Settings.settings">
</Event><Event ErrorLevel="0" Project="Others" Source="images\top.jpg" Description="文件已成功备份为 E:\SVN\脱机通讯Demo\Demo\VB.net\TFT\Others\Backup\images\top.jpg">
</Event><Event ErrorLevel="0" Project="Others" Source="OthersMain.resx" Description="文件已成功备份为 E:\SVN\脱机通讯Demo\Demo\VB.net\TFT\Others\Backup\OthersMain.resx">
</Event><Event ErrorLevel="0" Project="Others" Source="My Project\Resources.resx" Description="文件已成功备份为 E:\SVN\脱机通讯Demo\Demo\VB.net\TFT\Others\Backup\My Project\Resources.resx">
</Event><Event ErrorLevel="0" Project="Others" Source="My Project\app.manifest" Description="文件已成功备份为 E:\SVN\脱机通讯Demo\Demo\VB.net\TFT\Others\Backup\My Project\app.manifest">
</Event><Event ErrorLevel="0" Project="Others" Source="Others.vbproj" Description="项目已成功转换">
</Event><Event ErrorLevel="3" Project="Others" Source="Others.vbproj" Description="Converted">
</Event><Event ErrorLevel="0" Project="" Source="Others.sln" Description="成功转换解决方案">
</Event><Event ErrorLevel="3" Project="" Source="Others.sln" Description="Converted">
</Event><Event ErrorLevel="0" Project="Others" Source="Others.vbproj" Description="扫描完成: 项目文件不需要升级。">
</Event></UpgradeLog>